{
  "tech": {
    "sample_size": 68,
    "template_profile": {
      "hook": {
        "dominant_type": "statement",
        "type_distribution": {
          "statement": 46,
          "direct_benefit": 7,
          "question": 12,
          "stat_shock": 2,
          "problem": 1
        },
        "avg_speech_pace_wpm": 190.23529411764707
      },
      "pacing": {
        "avg_cuts_per_minute": 8.384070109575866,
        "avg_scene_duration": 8.593425774568159,
        "category": "slow"
      },
      "text_overlays": {
        "avg_density": 2.4011908239087565,
        "primary_zone": "bottom_center"
      },
      "structure": {
        "intro_percentage": 15.812148202617587,
        "content_percentage": 68.48530980685173,
        "cta_percentage": 15.702541990530687
      },
      "duration": {
        "avg": 48.9871722860351,
        "median": 46.94029083153338,
        "range": [
          6.066666666666666,
          174.13334440443322
        ]
      }
    }
  },
  "unknown": {
    "sample_size": 31,
    "template_profile": {
      "hook": {
        "dominant_type": "statement",
        "type_distribution": {
          "statement": 20,
          "teaser": 2,
          "direct_benefit": 3,
          "question": 6
        },
        "avg_speech_pace_wpm": 127.74193548387096
      },
      "pacing": {
        "avg_cuts_per_minute": 14.468800583645994,
        "avg_scene_duration": 9.603757497114172,
        "category": "moderate"
      },
      "text_overlays": {
        "avg_density": 1.8796613170938576,
        "primary_zone": "middle_center"
      },
      "structure": {
        "intro_percentage": 29.29589829906953,
        "content_percentage": 56.160281890403226,
        "cta_percentage": 14.543819810527244
      },
      "duration": {
        "avg": 44.676491420745506,
        "median": 24.3,
        "range": [
          6.473666569741684,
          356.96667277287185
        ]
      }
    }
  },
  "marketing": {
    "sample_size": 1,
    "template_profile": {
      "hook": {
        "dominant_type": "statement",
        "type_distribution": {
          "statement": 1
        },
        "avg_speech_pace_wpm": 144.0
      },
      "pacing": {
        "avg_cuts_per_minute": 23.595504117815683,
        "avg_scene_duration": 2.5428573045276566,
        "category": "fast"
      },
      "text_overlays": {
        "avg_density": 4.321795796322086,
        "primary_zone": "middle_center"
      },
      "structure": {
        "intro_percentage": 0.0,
        "content_percentage": 85.0,
        "cta_percentage": 15.000000000000007
      },
      "duration": {
        "avg": 35.6333355988398,
        "median": 35.6333355988398,
        "range": [
          35.6333355988398,
          35.6333355988398
        ]
      }
    }
  },
  "business": {
    "sample_size": 11,
    "template_profile": {
      "hook": {
        "dominant_type": "statement",
        "type_distribution": {
          "statement": 5,
          "stat_shock": 2,
          "direct_benefit": 1,
          "question": 3
        },
        "avg_speech_pace_wpm": 197.45454545454547
      },
      "pacing": {
        "avg_cuts_per_minute": 8.662691152307573,
        "avg_scene_duration": 9.865202323114396,
        "category": "slow"
      },
      "text_overlays": {
        "avg_density": 1.800701415149459,
        "primary_zone": "middle_center"
      },
      "structure": {
        "intro_percentage": 6.7964419042308375,
        "content_percentage": 79.3599098873001,
        "cta_percentage": 13.843648208469057
      },
      "duration": {
        "avg": 78.06969764319587,
        "median": 63.6,
        "range": [
          26.166668330298634,
          163.26667458589998
        ]
      }
    }
  },
  "gaming": {
    "sample_size": 2,
    "template_profile": {
      "hook": {
        "dominant_type": "statement",
        "type_distribution": {
          "statement": 2
        },
        "avg_speech_pace_wpm": 54.0
      },
      "pacing": {
        "avg_cuts_per_minute": 16.143497757847534,
        "avg_scene_duration": 0.9291666666666667,
        "category": "moderate"
      },
      "text_overlays": {
        "avg_density": 1.8243986954749287,
        "primary_zone": "middle_center"
      },
      "structure": {
        "intro_percentage": 68.18181818181819,
        "content_percentage": 16.81818181818181,
        "cta_percentage": 15.000000000000004
      },
      "duration": {
        "avg": 7.383333333333333,
        "median": 7.383333333333333,
        "range": [
          7.333333333333333,
          7.433333333333334
        ]
      }
    }
  },
  "education": {
    "sample_size": 3,
    "template_profile": {
      "hook": {
        "dominant_type": "question",
        "type_distribution": {
          "question": 2,
          "stat_shock": 1
        },
        "avg_speech_pace_wpm": 164.0
      },
      "pacing": {
        "avg_cuts_per_minute": 7.995607495967764,
        "avg_scene_duration": 23.656954299515935,
        "category": "slow"
      },
      "text_overlays": {
        "avg_density": 5.873190744859664,
        "primary_zone": "middle_center"
      },
      "structure": {
        "intro_percentage": 0.0,
        "content_percentage": 86.98319531840178,
        "cta_percentage": 13.016804681598215
      },
      "duration": {
        "avg": 63.458967820229326,
        "median": 80.56666666666666,
        "range": [
          6.376903460687984,
          103.43333333333334
        ]
      }
    }
  }
}