{
  "video_id": "7508060374399290632",
  "duration": 40.150136889291936,
  "niche": "tech",
  "hook": {
    "hook_duration": 4.980509011215008,
    "hook_type": "statement",
    "opening_text": "ocho qubic CEATIFICATE",
    "spoken_text": "THANKS FOR WATCHING ;)",
    "visual_text": "ocho qubic CEATIFICATE cup 4 38 obuep 83",
    "visual_pattern": "text_overlay_with_content",
    "speech_pace_wpm": 48.0,
    "word_count": 4
  },
  "pacing": {
    "cuts_per_minute": 20.892515822677876,
    "avg_scene_duration": 2.8718417881906175,
    "scene_duration_variance": 2.2048130122796583,
    "total_scenes": 14
  },
  "text_overlays": {
    "total_overlays": 16,
    "overlay_density": 0.39850424530600315,
    "common_zones": [
      {
        "zone": "top_left",
        "count": 9
      },
      {
        "zone": "middle_left",
        "count": 5
      },
      {
        "zone": "middle_right",
        "count": 1
      }
    ],
    "overlay_timing_pattern": {
      "category": "rapid",
      "avg_interval": 2.3706109930475905,
      "median_interval": 1.975509160872992,
      "std_interval": 2.187974871616115
    }
  },
  "structure": {
    "intro": {
      "start": 0,
      "end": 0.0,
      "duration": 0.0,
      "percentage": 0.0
    },
    "main_content": {
      "start": 0.0,
      "end": 34.12761635589815,
      "duration": 34.12761635589815,
      "percentage": 85.00000000000001
    },
    "cta": {
      "start": 34.12761635589815,
      "end": 40.150136889291936,
      "duration": 6.022520533393788,
      "percentage": 14.999999999999995
    }
  }
}