{
  "video_id": "7536354460180827422",
  "duration": 36.73333566877592,
  "niche": "tech",
  "hook": {
    "hook_duration": 4.966666982438849,
    "hook_type": "statement",
    "opening_text": "NIX 180 Xl",
    "spoken_text": "The second rule when you're working with Cloud Code is going to be to clear the context window and you",
    "visual_text": "NIX 180 Xl 06 Fixef cdde IX X THE SECOND RULE X X 13 ori 6 Fixef code ~06 NIX X THESECOND RULE X 13 ophuut SEA Fixef code WHEN YOURE WORKINC How 6 Fixef ~OC X 13 How 6 Fixef 0 cLaude code T4 Fixef 0 nt X BE TOCLEAR Fixef 0 CLaude code BE TO CLEAR S 6 THE CONTEXT WINDOW  How 6 THE CONTEXT WINDOW  X 13 TS How 6 Fixes AND YOUICAN X S Fixes OC",
    "visual_pattern": "text_overlay_with_content",
    "speech_pace_wpm": 240.0,
    "word_count": 20
  },
  "pacing": {
    "cuts_per_minute": 9.800362353316235,
    "avg_scene_duration": 6.122222611462654,
    "scene_duration_variance": 4.808891248439339,
    "total_scenes": 6
  },
  "text_overlays": {
    "total_overlays": 67,
    "overlay_density": 1.8239563268671883,
    "common_zones": [
      {
        "zone": "middle_left",
        "count": 17
      },
      {
        "zone": "top_center",
        "count": 16
      },
      {
        "zone": "top_right",
        "count": 11
      }
    ],
    "overlay_timing_pattern": {
      "category": "rapid",
      "avg_interval": 0.5065656887722357,
      "median_interval": 0.0,
      "std_interval": 0.8600215816383429
    }
  },
  "structure": {
    "intro": {
      "start": 0,
      "end": 17.73333433363179,
      "duration": 17.73333433363179,
      "percentage": 48.27586172280424
    },
    "main_content": {
      "start": 17.73333433363179,
      "end": 31.223335318459533,
      "duration": 13.490000984827741,
      "percentage": 36.72413827719576
    },
    "cta": {
      "start": 31.223335318459533,
      "end": 36.73333566877592,
      "duration": 5.510000350316389,
      "percentage": 15.000000000000002
    }
  }
}