{
  "video_id": "7589989009246489878",
  "duration": 6.066666666666666,
  "niche": "tech",
  "hook": {
    "hook_duration": 5.0,
    "hook_type": "statement",
    "opening_text": "2025 2026 Al +",
    "spoken_text": "Goodbye.",
    "visual_text": "2025 2026 Al + 2025 2026 2025 2026 2025 2026 2025 2026 2025 2026 2025 2026 2025 | 2026 2025 2025 202",
    "visual_pattern": "text_overlay_with_content",
    "speech_pace_wpm": 12.0,
    "word_count": 1
  },
  "pacing": {
    "cuts_per_minute": 0.0,
    "avg_scene_duration": 0.0,
    "scene_duration_variance": 0.0,
    "total_scenes": 0
  },
  "text_overlays": {
    "total_overlays": 6,
    "overlay_density": 0.989010989010989,
    "common_zones": [
      {
        "zone": "top_right",
        "count": 3
      },
      {
        "zone": "top_left",
        "count": 2
      },
      {
        "zone": "top_center",
        "count": 1
      }
    ],
    "overlay_timing_pattern": {
      "category": "rapid",
      "avg_interval": 1.2,
      "median_interval": 2.0,
      "std_interval": 0.9797958971132713
    }
  },
  "structure": {
    "intro": {
      "start": 0,
      "end": 10.0,
      "duration": 10.0,
      "percentage": 164.83516483516485
    },
    "main_content": {
      "start": 10.0,
      "end": 5.156666666666666,
      "duration": -4.843333333333334,
      "percentage": -79.83516483516485
    },
    "cta": {
      "start": 5.156666666666666,
      "end": 6.066666666666666,
      "duration": 0.9100000000000001,
      "percentage": 15.000000000000002
    }
  }
}