{
  "video_id": "DJGGNBTRiD9_duncanyounot_score0.8662",
  "extracted_at": "2026-01-18T18:08:48.995488",
  "features": {
    "face": {
      "median_faces": 1,
      "max_faces": 3,
      "avg_face_area": 39824.760869565216
    },
    "ocr": {
      "text_frames": 49,
      "unique_texts": 49,
      "sample_texts": [
        "r\n\u201c .-\n(4 am\n. \u2014-\u00a5\n\\y\n|\nd",
        "\u2019\nen a,\n\u00bb_~ \u00a9\n:",
        "\u00a9 r\new\n\u2018 \u2018"
      ]
    },
    "scenes": {
      "scene_count": 23,
      "avg_scene_length": 2.7507246376811594,
      "min_scene_length": 0.6333333333333329
    },
    "hook": {
      "face_ratio": 0.5333333333333333,
      "text_ratio": 0.4666666666666667,
      "motion_intensity": 14.794778490823413
    }
  }
}