{
  "video_id": "DObTnabgmXc_openiris_score0.8917",
  "extracted_at": "2026-01-18T18:08:19.559369",
  "features": {
    "face": {
      "median_faces": 0,
      "max_faces": 1,
      "avg_face_area": 2704.0
    },
    "ocr": {
      "text_frames": 16,
      "unique_texts": 16,
      "sample_texts": [
        "voy\n_ Me \u00a7\noo\n= ii\n_ re a\nA _",
        "Pd\nao \u2014\np i\n|\n\ne @\n\u00ae",
        "B/\n| -\n_ . - _.\n-_\u2014\u2014\" - <> ~\n\u00a9 ee -\n\"a"
      ]
    },
    "scenes": {
      "scene_count": 15,
      "avg_scene_length": 1.1822222973858916,
      "min_scene_length": 0.7666667154100235
    },
    "hook": {
      "face_ratio": 0.1111111111111111,
      "text_ratio": 0.3888888888888889,
      "motion_intensity": 26.982861264297384
    }
  }
}